{"overall": {"Bleu_1": 0.23553162853265744, "Bleu_2": 0.1458269849954084, "Bleu_3": 0.08665424871474653, "Bleu_4": 0.05038045118645297, "METEOR": 0.19151802122907727, "ROUGE_L": 0.2204264049234902, "CIDEr": 2.1102488294998235e-10, "SPICE": 0.1847215974048156}, "imgToEval": {"448320": {"image_id": 448320, "Bleu_1": 0.2419354838670656, "Bleu_2": 0.17812704394707876, "Bleu_3": 0.10188560350196289, "Bleu_4": 0.06506862264259712, "METEOR": 0.2203730447792053, "ROUGE_L": 0.2791660613104751, "CIDEr": 1.1427644814069518e-14, "SPICE": {"All": {"pr": 0.25925925925925924, "re": 0.2692307692307692, "f": 0.2641509433962264, "fn": 19.0, "numImages": 1.0, "fp": 20.0, "tp": 7.0}, "Relation": {"pr": 0.0, "re": 0.0, "f": 0.0, "fn": 7.0, "numImages": 1.0, "fp": 9.0, "tp": 0.0}, "Cardinality": {"pr": NaN, "re": NaN, "f": NaN, "fn": 0.0, "numImages": 1.0, "fp": 0.0, "tp": 0.0}, "Attribute": {"pr": 0.2, "re": 0.1, "f": 0.13333333333333333, "fn": 9.0, "numImages": 1.0, "fp": 4.0, "tp": 1.0}, "Size": {"pr": 0.0, "re": 0.0, "f": 0.0, "fn": 2.0, "numImages": 1.0, "fp": 0.0, "tp": 0.0}, "Color": {"pr": NaN, "re": NaN, "f": NaN, "fn": 0.0, "numImages": 1.0, "fp": 2.0, "tp": 0.0}, "Object": {"pr": 0.46153846153846156, "re": 0.6666666666666666, "f": 0.5454545454545455, "fn": 3.0, "numImages": 1.0, "fp": 7.0, "tp": 6.0}}, "caption": "The image is a bathroom with a sink, toilet, and shower. The sink is made of wood and has a large bowl for washing hands. The toilet is located on the opposite side of the room and has a seat and handle. The shower is located in the corner of the room and has a curtain for privacy. There is also a"}, "373713": {"image_id": 373713, "Bleu_1": 0.21874999999658204, "Bleu_2": 0.16666666666404187, "Bleu_3": 0.11035932143591104, "Bleu_4": 0.08147639524124843, "METEOR": 0.1857604241197933, "ROUGE_L": 0.1840305711987128, "CIDEr": 5.570113017276945e-18, "SPICE": {"All": {"pr": 0.10344827586206896, "re": 0.12, "f": 0.11111111111111112, "fn": 22.0, "numImages": 1.0, "fp": 26.0, "tp": 3.0}, "Relation": {"pr": 0.0, "re": 0.0, "f": 0.0, "fn": 7.0, "numImages": 1.0, "fp": 8.0, "tp": 0.0}, "Cardinality": {"pr": 1.0, "re": 1.0, "f": 1.0, "fn": 0.0, "numImages": 1.0, "fp": 0.0, "tp": 1.0}, "Attribute": {"pr": 0.125, "re": 0.1111111111111111, "f": 0.11764705882352941, "fn": 8.0, "numImages": 1.0, "fp": 7.0, "tp": 1.0}, "Size": {"pr": 0.0, "re": 0.0, "f": 0.0, "fn": 4.0, "numImages": 1.0, "fp": 1.0, "tp": 0.0}, "Color": {"pr": NaN, "re": NaN, "f": NaN, "fn": 0.0, "numImages": 1.0, "fp": 2.0, "tp": 0.0}, "Object": {"pr": 0.15384615384615385, "re": 0.2222222222222222, "f": 0.18181818181818185, "fn": 7.0, "numImages": 1.0, "fp": 11.0, "tp": 2.0}}, "caption": "The image shows a group of people sitting around a table in a conference room. They are all wearing casual clothing and are engaged in a discussion. One person is standing in front of the table, holding a laptop, while the others are seated and looking at him. The background of the image is a white wall with a large screen displaying a presentation."}, "117337": {"image_id": 117337, "Bleu_1": 0.17910447760926712, "Bleu_2": 0.12760182301581513, "Bleu_3": 0.09091604859111013, "Bleu_4": 0.05853766845419571, "METEOR": 0.16885220165779988, "ROUGE_L": 0.2061805890873974, "CIDEr": 1.8339508898590756e-18, "SPICE": {"All": {"pr": 0.14814814814814814, "re": 0.18181818181818182, "f": 0.16326530612244897, "fn": 18.0, "numImages": 1.0, "fp": 23.0, "tp": 4.0}, "Relation": {"pr": 0.0, "re": 0.0, "f": 0.0, "fn": 9.0, "numImages": 1.0, "fp": 11.0, "tp": 0.0}, "Cardinality": {"pr": NaN, "re": NaN, "f": NaN, "fn": 0.0, "numImages": 1.0, "fp": 0.0, "tp": 0.0}, "Attribute": {"pr": 0.25, "re": 0.16666666666666666, "f": 0.2, "fn": 5.0, "numImages": 1.0, "fp": 3.0, "tp": 1.0}, "Size": {"pr": 0.0, "re": 0.0, "f": 0.0, "fn": 3.0, "numImages": 1.0, "fp": 0.0, "tp": 0.0}, "Color": {"pr": 1.0, "re": 1.0, "f": 1.0, "fn": 0.0, "numImages": 1.0, "fp": 0.0, "tp": 1.0}, "Object": {"pr": 0.25, "re": 0.42857142857142855, "f": 0.3157894736842105, "fn": 4.0, "numImages": 1.0, "fp": 9.0, "tp": 3.0}}, "caption": "This is a collage of images that show different shades of orange and blue. The images are arranged in a collage style, with different shapes and sizes of orange and blue objects in the foreground and background. The images are arranged in a collage style, with different shapes and sizes of orange and blue objects in the foreground and background. The images are arranged in a collage"}, "265472": {"image_id": 265472, "Bleu_1": 0.18333333333027782, "Bleu_2": 0.11148712271224703, "Bleu_3": 0.075396376103155, "Bleu_4": 0.052365365625869915, "METEOR": 0.2033767055330497, "ROUGE_L": 0.2325708061002179, "CIDEr": 4.851830140488478e-16, "SPICE": {"All": {"pr": 0.18181818181818182, "re": 0.12903225806451613, "f": 0.1509433962264151, "fn": 27.0, "numImages": 1.0, "fp": 18.0, "tp": 4.0}, "Relation": {"pr": 0.16666666666666666, "re": 0.1111111111111111, "f": 0.13333333333333333, "fn": 8.0, "numImages": 1.0, "fp": 5.0, "tp": 1.0}, "Cardinality": {"pr": NaN, "re": NaN, "f": NaN, "fn": 0.0, "numImages": 1.0, "fp": 0.0, "tp": 0.0}, "Attribute": {"pr": 0.0, "re": 0.0, "f": 0.0, "fn": 12.0, "numImages": 1.0, "fp": 5.0, "tp": 0.0}, "Size": {"pr": NaN, "re": NaN, "f": NaN, "fn": 0.0, "numImages": 1.0, "fp": 0.0, "tp": 0.0}, "Color": {"pr": 0.0, "re": 0.0, "f": 0.0, "fn": 2.0, "numImages": 1.0, "fp": 2.0, "tp": 0.0}, "Object": {"pr": 0.2727272727272727, "re": 0.3, "f": 0.28571428571428564, "fn": 7.0, "numImages": 1.0, "fp": 8.0, "tp": 3.0}}, "caption": "The image shows a plate with a breakfast dish made of bacon, eggs, and bananas. The bacon is cooked and crispy, while the eggs are over easy and the bananas are sliced and placed on top of the bacon. There is a side of toast on the plate as well. The overall presentation is simple and straightforward, with a focus"}, "285258": {"image_id": 285258, "Bleu_1": 0.24999999999632352, "Bleu_2": 0.14962640041392813, "Bleu_3": 0.08786869413347967, "Bleu_4": 1.0107582386846654e-05, "METEOR": 0.1841520418259455, "ROUGE_L": 0.17766990291262133, "CIDEr": 3.255608189429154e-21, "SPICE": {"All": {"pr": 0.2727272727272727, "re": 0.21428571428571427, "f": 0.23999999999999996, "fn": 22.0, "numImages": 1.0, "fp": 16.0, "tp": 6.0}, "Relation": {"pr": 0.0, "re": 0.0, "f": 0.0, "fn": 13.0, "numImages": 1.0, "fp": 6.0, "tp": 0.0}, "Cardinality": {"pr": NaN, "re": NaN, "f": NaN, "fn": 0.0, "numImages": 1.0, "fp": 0.0, "tp": 0.0}, "Attribute": {"pr": 0.2, "re": 0.16666666666666666, "f": 0.1818181818181818, "fn": 5.0, "numImages": 1.0, "fp": 4.0, "tp": 1.0}, "Size": {"pr": NaN, "re": NaN, "f": NaN, "fn": 0.0, "numImages": 1.0, "fp": 0.0, "tp": 0.0}, "Color": {"pr": 0.0, "re": 0.0, "f": 0.0, "fn": 1.0, "numImages": 1.0, "fp": 0.0, "tp": 0.0}, "Object": {"pr": 0.45454545454545453, "re": 0.5555555555555556, "f": 0.5, "fn": 4.0, "numImages": 1.0, "fp": 6.0, "tp": 5.0}}, "caption": "The image shows a group of dogs playing in a fenced area. There are five dogs in the image, all of them are small to medium sized and have different colored fur. They are all standing on their hind legs and looking at each other. One of the dogs is wearing a collar and tag. The background of the image is a green grassy area with some trees"}, "96241": {"image_id": 96241, "Bleu_1": 0.28070175438104034, "Bleu_2": 0.1415984650784514, "Bleu_3": 0.07143616536435347, "Bleu_4": 9.06442292469654e-06, "METEOR": 0.21928449736302974, "ROUGE_L": 0.23448654585392636, "CIDEr": 2.0044154564439076e-13, "SPICE": {"All": {"pr": 0.09090909090909091, "re": 0.2, "f": 0.12500000000000003, "fn": 12.0, "numImages": 1.0, "fp": 30.0, "tp": 3.0}, "Relation": {"pr": 0.0, "re": 0.0, "f": 0.0, "fn": 3.0, "numImages": 1.0, "fp": 10.0, "tp": 0.0}, "Cardinality": {"pr": 0.0, "re": 0.0, "f": 0.0, "fn": 2.0, "numImages": 1.0, "fp": 1.0, "tp": 0.0}, "Attribute": {"pr": 0.09090909090909091, "re": 0.125, "f": 0.10526315789473685, "fn": 7.0, "numImages": 1.0, "fp": 10.0, "tp": 1.0}, "Size": {"pr": NaN,