{"overall": {"Bleu_1": 0.18052738336695687, "Bleu_2": 0.11308802268613048, "Bleu_3": 0.06736929382986191, "Bleu_4": 0.03874271974397016, "METEOR": 0.16454270205961052, "ROUGE_L": 0.2013444611127456, "CIDEr": 2.1087372948100425e-10, "SPICE": 0.17766940424258482}, "imgToEval": {"448320": {"image_id": 448320, "Bleu_1": 0.22857142856816326, "Bleu_2": 0.1726663389182017, "Bleu_3": 0.09571473797259827, "Bleu_4": 0.06014719940766127, "METEOR": 0.21336318699702228, "ROUGE_L": 0.2558247903075489, "CIDEr": 1.5071976154293505e-19, "SPICE": {"All": {"pr": 0.25925925925925924, "re": 0.2692307692307692, "f": 0.2641509433962264, "fn": 19.0, "numImages": 1.0, "fp": 20.0, "tp": 7.0}, "Relation": {"pr": 0.0, "re": 0.0, "f": 0.0, "fn": 7.0, "numImages": 1.0, "fp": 9.0, "tp": 0.0}, "Cardinality": {"pr": NaN, "re": NaN, "f": NaN, "fn": 0.0, "numImages": 1.0, "fp": 0.0, "tp": 0.0}, "Attribute": {"pr": 0.2, "re": 0.1, "f": 0.13333333333333333, "fn": 9.0, "numImages": 1.0, "fp": 4.0, "tp": 1.0}, "Size": {"pr": 0.0, "re": 0.0, "f": 0.0, "fn": 2.0, "numImages": 1.0, "fp": 0.0, "tp": 0.0}, "Color": {"pr": NaN, "re": NaN, "f": NaN, "fn": 0.0, "numImages": 1.0, "fp": 2.0, "tp": 0.0}, "Object": {"pr": 0.46153846153846156, "re": 0.6666666666666666, "f": 0.5454545454545455, "fn": 3.0, "numImages": 1.0, "fp": 7.0, "tp": 6.0}}, "caption": "The image is a bathroom with a sink, toilet, and shower. The sink is made of wood and has a large bowl for washing hands. The toilet is located on the opposite side of the room and has a seat and handle. The shower is located in the corner of the room and has a curtain for privacy. There is also a mirror hanging on the wall above the sink."}, "373713": {"image_id": 373713, "Bleu_1": 0.21874999999658204, "Bleu_2": 0.16666666666404187, "Bleu_3": 0.11035932143591104, "Bleu_4": 0.08147639524124843, "METEOR": 0.1857604241197933, "ROUGE_L": 0.1840305711987128, "CIDEr": 5.570113017276945e-18, "SPICE": {"All": {"pr": 0.1, "re": 0.12, "f": 0.1090909090909091, "fn": 22.0, "numImages": 1.0, "fp": 27.0, "tp": 3.0}, "Relation": {"pr": 0.0, "re": 0.0, "f": 0.0, "fn": 7.0, "numImages": 1.0, "fp": 9.0, "tp": 0.0}, "Cardinality": {"pr": 1.0, "re": 1.0, "f": 1.0, "fn": 0.0, "numImages": 1.0, "fp": 0.0, "tp": 1.0}, "Attribute": {"pr": 0.125, "re": 0.1111111111111111, "f": 0.11764705882352941, "fn": 8.0, "numImages": 1.0, "fp": 7.0, "tp": 1.0}, "Size": {"pr": 0.0, "re": 0.0, "f": 0.0, "fn": 4.0, "numImages": 1.0, "fp": 1.0, "tp": 0.0}, "Color": {"pr": NaN, "re": NaN, "f": NaN, "fn": 0.0, "numImages": 1.0, "fp": 2.0, "tp": 0.0}, "Object": {"pr": 0.15384615384615385, "re": 0.2222222222222222, "f": 0.18181818181818185, "fn": 7.0, "numImages": 1.0, "fp": 11.0, "tp": 2.0}}, "caption": "The image shows a group of people sitting around a table in a conference room. They are all wearing casual clothing and are engaged in a discussion. One person is standing in front of the table, holding a laptop, while the others are seated and looking at him. The background of the image is a white wall with a large screen displaying a presentation."}, "117337": {"image_id": 117337, "Bleu_1": 0.04705882352922723, "Bleu_2": 0.03334105206280292, "Bleu_3": 0.023622169292750864, "Bleu_4": 0.015123060794985285, "METEOR": 0.06425824144914101, "ROUGE_L": 0.06306306306306306, "CIDEr": 0.0, "SPICE": {"All": {"pr": 0.14814814814814814, "re": 0.18181818181818182, "f": 0.16326530612244897, "fn": 18.0, "numImages": 1.0, "fp": 23.0, "tp": 4.0}, "Relation": {"pr": 0.0, "re": 0.0, "f": 0.0, "fn": 9.0, "numImages": 1.0, "fp": 11.0, "tp": 0.0}, "Cardinality": {"pr": NaN, "re": NaN, "f": NaN, "fn": 0.0, "numImages": 1.0, "fp": 0.0, "tp": 0.0}, "Attribute": {"pr": 0.25, "re": 0.16666666666666666, "f": 0.2, "fn": 5.0, "numImages": 1.0, "fp": 3.0, "tp": 1.0}, "Size": {"pr": 0.0, "re": 0.0, "f": 0.0, "fn": 3.0, "numImages": 1.0, "fp": 0.0, "tp": 0.0}, "Color": {"pr": 1.0, "re": 1.0, "f": 1.0, "fn": 0.0, "numImages": 1.0, "fp": 0.0, "tp": 1.0}, "Object": {"pr": 0.25, "re": 0.42857142857142855, "f": 0.3157894736842105, "fn": 4.0, "numImages": 1.0, "fp": 9.0, "tp": 3.0}}, "caption": "This is a collage of images that show different shades of orange and blue. The images are arranged in a collage style, with different shapes and sizes of orange and blue objects in the foreground and background. The images are arranged in a collage style, with different shapes and sizes of orange and blue objects in the foreground and background. The images are arranged in a collage style, with different shapes and sizes of orange and blue objects in the foreground and background. The images are arranged in a collage style, with different shapes and sizes of orange and blue objects in the foreground and background. The images are arranged in a collage style, with different shapes and sizes of orange and blue objects in the foreground and background. The images are arranged in a collage style, with different shapes and sizes of orange and blue objects in the foreground and background. The images are arranged in a collage style, with different shapes and sizes of orange and blue objects in the foreground and background. The images are arranged in a collage style, with different shapes and sizes of orange and blue objects in the foreground and background. The images are arranged in a collage style, with different shapes and sizes of orange and blue objects in the foreground and background. The images are arranged in a collage style, with different shapes and sizes of orange and blue objects in the foreground and background. The images are arranged in a collage style, with different shapes"}, "265472": {"image_id": 265472, "Bleu_1": 0.16176470587997407, "Bleu_2": 0.09827306030011396, "Bleu_3": 0.06639239576163196, "Bleu_4": 0.04606386939006821, "METEOR": 0.19228343068579243, "ROUGE_L": 0.20972495088408644, "CIDEr": 2.801328533537479e-21, "SPICE": {"All": {"pr": 0.125, "re": 0.0967741935483871, "f": 0.10909090909090909, "fn": 28.0, "numImages": 1.0, "fp": 21.0, "tp": 3.0}, "Relation": {"pr": 0.125, "re": 0.1111111111111111, "f": 0.11764705882352941, "fn": 8.0, "numImages": 1.0, "fp": 7.0, "tp": 1.0}, "Cardinality": {"pr": NaN, "re": NaN, "f": NaN, "fn": 0.0, "numImages": 1.0, "fp": 0.0, "tp": 0.0}, "Attribute": {"pr": 0.0, "re": 0.0, "f": 0.0, "fn": 12.0, "numImages": 1.0, "fp": 7.0, "tp": 0.0}, "Size": {"pr": NaN, "re": NaN, "f": NaN, "fn": 0.0, "numImages": 1.0, "fp": 0.0, "tp": 0.0}, "Color": {"pr": 0.0, "re": 0.0, "f": 0.0, "fn": 2.0, "numImages": 1.0, "fp": 4.0, "tp": 0.0}, "Object": {"pr": 0.2222222222222222, "re": 0.2, "f": 0.2105263157894737, "fn": 8.0, "numImages": 1.0, "fp": 7.0, "tp": 2.0}}, "caption": "The image shows a plate with a breakfast dish made of bacon, eggs, and bananas. The bacon is cooked and crispy, while the eggs are over easy and the bananas are sliced and placed on top of the bacon. There is a side of toast on the plate as well. The overall presentation is simple and straightforward, with a focus on the flavors and textures of the ingredients."}, "285258": {"image_id": 285258, "Bleu_1": 0.2394366197149375, "Bleu_2": 0.14325899215203122, "Bleu_3": 0.08410236902168425, "Bleu_4": 9.67116836131679e-06, "METEOR": 0.1807792938071553, "ROUGE_L": 0.1714285714285714, "CIDEr": 2.3664174654055336e-23, "SPICE": {"All": {"pr": 0.21428571428571427, "re": 0.21428571428571427, "f": 0.21428571428571427, "fn": 22.0, "numImages": 1.0, "fp": 22.0, "tp": 6.0}, "Relation": {"pr": 0.0, "re": 0.0, "f": 0.0, "fn": 13.0, "numImages": 1.0, "fp": 9.0, "tp": 0.0}, "Cardinality": {"pr": NaN, "re": NaN, "f": NaN, "fn": 0.0, "numImages": 1.0, "fp": 0.0, "tp": 0.0}, "Attribute": {"pr": 0.2, "re": 0.16666666666666666, "f": 0.1818181818181818, "fn": 5.0, "numImages": 1.0, "fp": 4.0, "tp": 1.0}, "Size": {"pr": NaN, "re": NaN, "f": NaN, "fn": 0.0, "numImages": 1.0, "fp": 0.0, "tp": 0.0}, "Color": {"pr": 0.0, "re": 0.0, "f": 0.0, "fn": 1.0, "numImages": 1.0, "fp": 0.0, "tp": 0.0}, "Object": {"pr": 0.35714285714285715, "re": 0.5555555555555556,